Details,Posting Date,Description,Amount,Type,Balance
DEBIT,01/01/2026,Shell Oil,-69.71,DEBIT_CARD,8350.84
DEBIT,01/01/2026,Trader Joe's,-65.42,DEBIT_CARD,8285.42
DEBIT,01/01/2026,Whole Foods,-104.64,DEBIT_CARD,8180.78
DEBIT,01/02/2026,Rent · Mission Props,-2874.49,ACH_DEBIT,5306.29
DEBIT,01/02/2026,Trader Joe's,-50.81,DEBIT_CARD,5255.48
DEBIT,01/02/2026,Thai House,-42.87,DEBIT_CARD,5212.61
DEBIT,01/02/2026,Uber Eats,-58.49,DEBIT_CARD,5154.12
DEBIT,01/03/2026,Clipper Service,-42.70,DEBIT_CARD,5111.42
DEBIT,01/04/2026,PG&E,-111.66,ACH_DEBIT,4999.76
DEBIT,01/04/2026,Uber Eats,-62.07,DEBIT_CARD,4937.69
DEBIT,01/05/2026,Sweetgreen Mission,-17.35,DEBIT_CARD,4920.34
DEBIT,01/05/2026,Chipotle,-20.79,DEBIT_CARD,4899.55
DEBIT,01/05/2026,Bi-Rite Market,-21.74,DEBIT_CARD,4877.81
DEBIT,01/06/2026,Blue Bottle Coffee,-12.90,DEBIT_CARD,4864.91
DEBIT,01/06/2026,Whole Foods,-82.00,DEBIT_CARD,4782.91
DEBIT,01/07/2026,Whole Foods,-44.28,DEBIT_CARD,4738.63
DEBIT,01/07/2026,Whole Foods,-84.10,DEBIT_CARD,4654.53
DEBIT,01/07/2026,Comcast Xfinity,-76.98,ACH_DEBIT,4577.55
DEBIT,01/08/2026,Sweetgreen Mission,-24.23,DEBIT_CARD,4553.32
DEBIT,01/09/2026,Etsy,-55.25,DEBIT_CARD,4498.07
DEBIT,01/09/2026,Whole Foods,-51.17,DEBIT_CARD,4446.90
DEBIT,01/10/2026,Verizon Wireless,-82.82,ACH_DEBIT,4364.08
DEBIT,01/10/2026,Shell Oil,-42.59,DEBIT_CARD,4321.49
DEBIT,01/10/2026,Trader Joe's,-59.29,DEBIT_CARD,4262.20
DEBIT,01/11/2026,Shell Oil,-65.77,DEBIT_CARD,4196.43
DEBIT,01/12/2026,Uber Trip,-25.09,DEBIT_CARD,4171.34
DEBIT,01/13/2026,Uber Eats,-45.86,DEBIT_CARD,4125.48
DEBIT,01/13/2026,Tacolicious,-34.74,DEBIT_CARD,4090.74
DEBIT,01/13/2026,Geico Insurance,-109.13,ACH_DEBIT,3981.61
DEBIT,01/14/2026,Clipper Service,-57.99,DEBIT_CARD,3923.62
DEBIT,01/14/2026,AMC Theatres,-17.13,DEBIT_CARD,3906.49
DEBIT,01/14/2026,Blue Bottle Coffee,-10.80,DEBIT_CARD,3895.69
CREDIT,01/15/2026,Gusto Payroll,3914.29,ACH_CREDIT,7809.98
DEBIT,01/16/2026,Bi-Rite Market,-20.59,DEBIT_CARD,7789.39
DEBIT,01/16/2026,Blue Bottle Coffee,-13.35,DEBIT_CARD,7776.04
DEBIT,01/17/2026,AMC Theatres,-32.13,DEBIT_CARD,7743.91
DEBIT,01/17/2026,ATM Withdrawal,-96.21,ATM,7647.70
DEBIT,01/18/2026,Uber Eats,-45.98,DEBIT_CARD,7601.72
DEBIT,01/18/2026,Clipper Service,-30.08,DEBIT_CARD,7571.64
DEBIT,01/19/2026,Whole Foods,-102.84,DEBIT_CARD,7468.80
DEBIT,01/20/2026,Trader Joe's,-75.82,DEBIT_CARD,7392.98
DEBIT,01/20/2026,Philz Coffee,-8.68,DEBIT_CARD,7384.30
DEBIT,01/22/2026,Target,-34.36,DEBIT_CARD,7349.94
DEBIT,01/22/2026,Shell Oil,-42.18,DEBIT_CARD,7307.76
DEBIT,01/23/2026,Trader Joe's,-43.83,DEBIT_CARD,7263.93
DEBIT,01/23/2026,Target,-57.71,DEBIT_CARD,7206.22
DEBIT,01/25/2026,Tacolicious,-38.41,DEBIT_CARD,7167.81
DEBIT,01/26/2026,Safeway,-51.44,DEBIT_CARD,7116.37
DEBIT,01/26/2026,Thai House,-27.82,DEBIT_CARD,7088.55
DEBIT,01/27/2026,Uber Eats,-61.24,DEBIT_CARD,7027.31
DEBIT,01/27/2026,Walgreens,-51.64,DEBIT_CARD,6975.67
DEBIT,01/27/2026,Uber Trip,-39.06,DEBIT_CARD,6936.61
DEBIT,01/28/2026,Philz Coffee,-11.59,DEBIT_CARD,6925.02
DEBIT,01/28/2026,Sweetgreen Mission,-23.08,DEBIT_CARD,6901.94
DEBIT,01/29/2026,Sweetgreen Mission,-19.80,DEBIT_CARD,6882.14
DEBIT,01/29/2026,Zelle To Jordan,-31.41,QUICKPAY_DEBIT,6850.73
DEBIT,01/29/2026,Philz Coffee,-6.70,DEBIT_CARD,6844.03
CREDIT,01/30/2026,Gusto Payroll,3914.29,ACH_CREDIT,10758.32
DEBIT,01/30/2026,Uber Trip,-38.29,DEBIT_CARD,10720.03
DEBIT,01/30/2026,Sweetgreen Mission,-23.51,DEBIT_CARD,10696.52
DEBIT,01/30/2026,Thai House,-41.67,DEBIT_CARD,10654.85
CREDIT,01/31/2026,Interest Payment,8.65,MISC_CREDIT,10663.50
DEBIT,01/31/2026,Spotify,-12.03,DEBIT_CARD,10651.47
DEBIT,01/31/2026,Alamo Drafthouse,-20.32,DEBIT_CARD,10631.15
DEBIT,02/01/2026,Uber Trip,-23.42,DEBIT_CARD,10607.73
DEBIT,02/01/2026,Rent · Mission Props,-2874.49,ACH_DEBIT,7733.24
DEBIT,02/01/2026,Philz Coffee,-8.01,DEBIT_CARD,7725.23
DEBIT,02/02/2026,Clipper Service,-57.12,DEBIT_CARD,7668.11
DEBIT,02/02/2026,Lyft Ride,-22.82,DEBIT_CARD,7645.29
DEBIT,02/04/2026,Alamo Drafthouse,-23.11,DEBIT_CARD,7622.18
DEBIT,02/05/2026,Tacolicious,-22.78,DEBIT_CARD,7599.40
DEBIT,02/05/2026,PG&E,-97.62,ACH_DEBIT,7501.78
DEBIT,02/05/2026,Tacolicious,-27.73,DEBIT_CARD,7474.05
DEBIT,02/05/2026,Whole Foods,-59.13,DEBIT_CARD,7414.92
DEBIT,02/05/2026,Whole Foods,-77.35,DEBIT_CARD,7337.57
DEBIT,02/05/2026,Safeway,-54.90,DEBIT_CARD,7282.67
CREDIT,02/06/2026,Venmo Cashout,123.61,MISC_CREDIT,7406.28
DEBIT,02/06/2026,Trader Joe's,-70.19,DEBIT_CARD,7336.09
DEBIT,02/06/2026,AMC Theatres,-14.97,DEBIT_CARD,7321.12
DEBIT,02/06/2026,Sweetgreen Mission,-22.66,DEBIT_CARD,7298.46
DEBIT,02/07/2026,Uniqlo,-93.08,DEBIT_CARD,7205.38
DEBIT,02/07/2026,Whole Foods,-45.17,DEBIT_CARD,7160.21
DEBIT,02/08/2026,Starbucks,-11.43,DEBIT_CARD,7148.78
DEBIT,02/08/2026,Netflix,-15.54,DEBIT_CARD,7133.24
DEBIT,02/08/2026,Comcast Xfinity,-76.98,ACH_DEBIT,7056.26
DEBIT,02/09/2026,Uniqlo,-138.14,DEBIT_CARD,6918.12
DEBIT,02/10/2026,Trader Joe's,-76.76,DEBIT_CARD,6841.36
DEBIT,02/10/2026,Verizon Wireless,-82.82,ACH_DEBIT,6758.54
DEBIT,02/10/2026,Sweetgreen Mission,-21.94,DEBIT_CARD,6736.60
DEBIT,02/11/2026,Shell Oil,-57.56,DEBIT_CARD,6679.04
DEBIT,02/12/2026,Sweetgreen Mission,-19.37,DEBIT_CARD,6659.67
DEBIT,02/12/2026,Blue Bottle Coffee,-9.78,DEBIT_CARD,6649.89
DEBIT,02/12/2026,Safeway,-34.06,DEBIT_CARD,6615.83
DEBIT,02/13/2026,Clipper Service,-61.69,DEBIT_CARD,6554.14
DEBIT,02/13/2026,Blue Bottle Coffee,-10.37,DEBIT_CARD,6543.77
DEBIT,02/13/2026,Etsy,-30.43,DEBIT_CARD,6513.34
DEBIT,02/13/2026,Trader Joe's,-50.53,DEBIT_CARD,6462.81
CREDIT,02/13/2026,Gusto Payroll,3914.29,ACH_CREDIT,10377.10
DEBIT,02/14/2026,Chipotle,-18.06,DEBIT_CARD,10359.04
DEBIT,02/14/2026,Geico Insurance,-109.13,ACH_DEBIT,10249.91
DEBIT,02/16/2026,Safeway,-50.23,DEBIT_CARD,10199.68
DEBIT,02/16/2026,Whole Foods,-87.20,DEBIT_CARD,10112.48
DEBIT,02/17/2026,Rainbow Grocery,-33.78,DEBIT_CARD,10078.70
DEBIT,02/17/2026,Walgreens,-14.43,DEBIT_CARD,10064.27
DEBIT,02/18/2026,Uber Trip,-31.65,DEBIT_CARD,10032.62
DEBIT,02/19/2026,Uber Eats,-60.72,DEBIT_CARD,9971.90
DEBIT,02/20/2026,Tacolicious,-46.06,DEBIT_CARD,9925.84
DEBIT,02/20/2026,Chipotle,-17.55,DEBIT_CARD,9908.29
DEBIT,02/21/2026,Sweetgreen Mission,-22.59,DEBIT_CARD,9885.70
DEBIT,02/21/2026,Spotify,-12.03,DEBIT_CARD,9873.67
DEBIT,02/21/2026,Thai House,-46.27,DEBIT_CARD,9827.40
DEBIT,02/21/2026,Alamo Drafthouse,-36.51,DEBIT_CARD,9790.89
DEBIT,02/22/2026,Amazon.com,-49.26,DEBIT_CARD,9741.63
DEBIT,02/22/2026,Shell Oil,-44.98,DEBIT_CARD,9696.65
DEBIT,02/22/2026,Shell Oil,-62.23,DEBIT_CARD,9634.42
DEBIT,02/23/2026,Bi-Rite Market,-28.10,DEBIT_CARD,9606.32
DEBIT,02/23/2026,Uniqlo,-110.94,DEBIT_CARD,9495.38
DEBIT,02/23/2026,Trader Joe's,-66.32,DEBIT_CARD,9429.06
DEBIT,02/24/2026,Rainbow Grocery,-60.66,DEBIT_CARD,9368.40
DEBIT,02/24/2026,Tacolicious,-37.32,DEBIT_CARD,9331.08
DEBIT,02/24/2026,Sweetgreen Mission,-18.15,DEBIT_CARD,9312.93
DEBIT,02/25/2026,Clipper Service,-59.47,DEBIT_CARD,9253.46
DEBIT,02/25/2026,Zelle To Jordan,-29.80,QUICKPAY_DEBIT,9223.66
DEBIT,02/26/2026,Trader Joe's,-36.56,DEBIT_CARD,9187.10
DEBIT,02/26/2026,Walgreens,-35.26,DEBIT_CARD,9151.84
DEBIT,02/27/2026,Trader Joe's,-35.62,DEBIT_CARD,9116.22
DEBIT,02/27/2026,Trader Joe's,-86.76,DEBIT_CARD,9029.46
DEBIT,02/27/2026,Philz Coffee,-8.93,DEBIT_CARD,9020.53
DEBIT,02/27/2026,Uber Eats,-58.07,DEBIT_CARD,8962.46
CREDIT,02/27/2026,Gusto Payroll,3914.29,ACH_CREDIT,12876.75
DEBIT,03/01/2026,Starbucks,-9.29,DEBIT_CARD,12867.46
DEBIT,03/01/2026,Rent · Mission Props,-2874.49,ACH_DEBIT,9992.97
DEBIT,03/01/2026,Spotify,-12.04,DEBIT_CARD,9980.93
DEBIT,03/02/2026,Chipotle,-18.38,DEBIT_CARD,9962.55
DEBIT,03/02/2026,Trader Joe's,-71.16,DEBIT_CARD,9891.39
DEBIT,03/03/2026,Philz Coffee,-6.93,DEBIT_CARD,9884.46
DEBIT,03/03/2026,Target,-72.75,DEBIT_CARD,9811.71
DEBIT,03/04/2026,Safeway,-32.93,DEBIT_CARD,9778.78
DEBIT,03/04/2026,Starbucks,-8.42,DEBIT_CARD,9770.36
DEBIT,03/04/2026,Netflix,-15.54,DEBIT_CARD,9754.82
DEBIT,03/04/2026,Best Buy,-92.27,DEBIT_CARD,9662.55
DEBIT,03/05/2026,PG&E,-80.43,ACH_DEBIT,9582.12
DEBIT,03/05/2026,Lyft Ride,-35.19,DEBIT_CARD,9546.93
DEBIT,03/06/2026,Chipotle,-19.72,DEBIT_CARD,9527.21
DEBIT,03/06/2026,Target,-129.84,DEBIT_CARD,9397.37
DEBIT,03/06/2026,Rainbow Grocery,-29.13,DEBIT_CARD,9368.24
DEBIT,03/07/2026,ATM Withdrawal,-58.11,ATM,9310.13
DEBIT,03/07/2026,Comcast Xfinity,-76.98,ACH_DEBIT,9233.15
DEBIT,03/07/2026,Safeway,-64.61,DEBIT_CARD,9168.54
DEBIT,03/08/2026,Walgreens,-10.54,DEBIT_CARD,9158.00
DEBIT,03/08/2026,Thai House,-27.96,DEBIT_CARD,9130.04
DEBIT,03/08/2026,Bi-Rite Market,-34.62,DEBIT_CARD,9095.42
DEBIT,03/09/2026,Netflix,-15.54,DEBIT_CARD,9079.88
DEBIT,03/09/2026,Uber Eats,-40.09,DEBIT_CARD,9039.79
DEBIT,03/10/2026,Starbucks,-11.11,DEBIT_CARD,9028.68
DEBIT,03/11/2026,Verizon Wireless,-82.82,ACH_DEBIT,8945.86
DEBIT,03/11/2026,Safeway,-47.92,DEBIT_CARD,8897.94
DEBIT,03/11/2026,Philz Coffee,-7.60,DEBIT_CARD,8890.34
DEBIT,03/11/2026,Waymo,-18.30,DEBIT_CARD,8872.04
DEBIT,03/11/2026,Clipper Service,-49.88,DEBIT_CARD,8822.16
DEBIT,03/12/2026,Lyft Ride,-29.82,DEBIT_CARD,8792.34
DEBIT,03/12/2026,Trader Joe's,-56.96,DEBIT_CARD,8735.38
DEBIT,03/12/2026,Alamo Drafthouse,-27.10,DEBIT_CARD,8708.28
DEBIT,03/13/2026,Sweetgreen Mission,-21.18,DEBIT_CARD,8687.10
DEBIT,03/13/2026,Walgreens,-21.63,DEBIT_CARD,8665.47
DEBIT,03/13/2026,Safeway,-64.53,DEBIT_CARD,8600.94
DEBIT,03/13/2026,Geico Insurance,-109.16,ACH_DEBIT,8491.78
DEBIT,03/13/2026,Lyft Ride,-23.35,DEBIT_CARD,8468.43
CREDIT,03/13/2026,Gusto Payroll,3914.29,ACH_CREDIT,12382.72
DEBIT,03/13/2026,Trader Joe's,-67.57,DEBIT_CARD,12315.15
DEBIT,03/14/2026,Safeway,-31.68,DEBIT_CARD,12283.47
DEBIT,03/15/2026,Safeway,-68.37,DEBIT_CARD,12215.10
DEBIT,03/15/2026,Bi-Rite Market,-15.19,DEBIT_CARD,12199.91
DEBIT,03/15/2026,Alamo Drafthouse,-32.60,DEBIT_CARD,12167.31
DEBIT,03/15/2026,Safeway,-70.86,DEBIT_CARD,12096.45
DEBIT,03/15/2026,Philz Coffee,-7.95,DEBIT_CARD,12088.50
DEBIT,03/16/2026,Blue Bottle Coffee,-13.95,DEBIT_CARD,12074.55
DEBIT,03/16/2026,Uber Trip,-24.09,DEBIT_CARD,12050.46
DEBIT,03/16/2026,Amazon.com,-148.18,DEBIT_CARD,11902.28
DEBIT,03/17/2026,Philz Coffee,-8.27,DEBIT_CARD,11894.01
DEBIT,03/18/2026,Uber Trip,-35.40,DEBIT_CARD,11858.61
DEBIT,03/19/2026,Zelle To Jordan,-39.02,QUICKPAY_DEBIT,11819.59
DEBIT,03/19/2026,Starbucks,-11.38,DEBIT_CARD,11808.21
DEBIT,03/19/2026,Rainbow Grocery,-76.12,DEBIT_CARD,11732.09
DEBIT,03/19/2026,Walgreens,-40.92,DEBIT_CARD,11691.17
DEBIT,03/19/2026,Etsy,-77.80,DEBIT_CARD,11613.37
DEBIT,03/20/2026,Etsy,-58.20,DEBIT_CARD,11555.17
DEBIT,03/20/2026,Alamo Drafthouse,-34.01,DEBIT_CARD,11521.16
DEBIT,03/21/2026,Bi-Rite Market,-34.08,DEBIT_CARD,11487.08
DEBIT,03/21/2026,Starbucks,-10.17,DEBIT_CARD,11476.91
DEBIT,03/23/2026,Trader Joe's,-42.79,DEBIT_CARD,11434.12
DEBIT,03/23/2026,Safeway,-57.64,DEBIT_CARD,11376.48
DEBIT,03/23/2026,Walgreens,-12.41,DEBIT_CARD,11364.07
DEBIT,03/23/2026,Etsy,-28.22,DEBIT_CARD,11335.85
DEBIT,03/23/2026,Bi-Rite Market,-15.28,DEBIT_CARD,11320.57
CREDIT,03/24/2026,Gusto Payroll,3914.29,ACH_CREDIT,15234.86
DEBIT,03/24/2026,Shell Oil,-61.88,DEBIT_CARD,15172.98
DEBIT,03/24/2026,Zelle To Jordan,-71.35,QUICKPAY_DEBIT,15101.63
DEBIT,03/25/2026,Bi-Rite Market,-39.87,DEBIT_CARD,15061.76
DEBIT,03/26/2026,Best Buy,-173.02,DEBIT_CARD,14888.74
DEBIT,03/26/2026,Amazon.com,-13.54,DEBIT_CARD,14875.20
DEBIT,03/26/2026,Lyft Ride,-16.67,DEBIT_CARD,14858.53
DEBIT,03/27/2026,Sweetgreen Mission,-16.53,DEBIT_CARD,14842.00
CREDIT,03/27/2026,Amazon.com Refund,31.00,MISC_CREDIT,14873.00
DEBIT,03/27/2026,Blue Bottle Coffee,-12.03,DEBIT_CARD,14860.97
DEBIT,03/28/2026,Starbucks,-6.52,DEBIT_CARD,14854.45
DEBIT,03/28/2026,Uber Trip,-24.92,DEBIT_CARD,14829.53
