Date,Narration,Mode,Ref No.,Withdrawal Amt (INR),Deposit Amt (INR),Closing Balance (INR)
01/04/2026,Salary · Acme Technologies Pvt Ltd,NEFT,NEFT600000000,,142500.00,326750.00
02/04/2026,House Rent · UPI to landlord,UPI,UPI600007919,28000.00,,298750.00
03/04/2026,Rameshwaram Cafe,UPI,UPI600015838,269.16,,298480.84
03/04/2026,UPI to Lakshmi (house help),UPI,UPI600023757,4000.00,,294480.84
03/04/2026,Uber India,UPI,UPI600031676,492.70,,293988.14
05/04/2026,FASTag Recharge,UPI,UPI600039595,537.96,,293450.18
05/04/2026,Zerodha SIP,ACH,ACH600047514,10000.00,,283450.18
06/04/2026,BigBasket,UPI,UPI600055433,1699.00,,281751.18
06/04/2026,ATM Cash Withdrawal,ATM,ATM600063352,2488.00,,279263.18
06/04/2026,Swiggy,UPI,UPI600071271,632.04,,278631.14
07/04/2026,Netflix,UPI,UPI600079190,649.00,,277982.14
07/04/2026,Nilgiris Supermarket,UPI,UPI600087109,642.00,,277340.14
08/04/2026,Zomato,UPI,UPI600095028,414.40,,276925.74
08/04/2026,Swiggy,UPI,UPI600102947,580.00,,276345.74
08/04/2026,DMart,UPI,UPI600110866,2999.00,,273346.74
09/04/2026,Rapido,UPI,UPI600118785,127.52,,273219.22
09/04/2026,Spotify,UPI,UPI600126704,119.00,,273100.22
10/04/2026,Zomato,UPI,UPI600134623,782.12,,272318.10
10/04/2026,Third Wave Coffee,UPI,UPI600142542,356.40,,271961.70
10/04/2026,BESCOM Electricity,UPI,UPI600150461,1227.40,,270734.30
10/04/2026,Airtel Xstream Fiber,UPI,UPI600158380,1178.00,,269556.30
12/04/2026,BigBasket,UPI,UPI600166299,1762.89,,267793.41
12/04/2026,Jio Postpaid,UPI,UPI600174218,449.00,,267344.41
13/04/2026,ATM Cash Withdrawal,ATM,ATM600182137,3679.00,,263665.41
13/04/2026,Zomato,UPI,UPI600190056,767.82,,262897.59
14/04/2026,Indian Oil Petrol,UPI,UPI600197975,1754.00,,261143.59
14/04/2026,Rameshwaram Cafe,UPI,UPI600205894,318.84,,260824.75
15/04/2026,JioHotstar,UPI,UPI600213813,299.00,,260525.75
15/04/2026,Decathlon,UPI,UPI600221732,1199.00,,259326.75
16/04/2026,BWSSB Water,UPI,UPI600229651,410.08,,258916.67
16/04/2026,Swiggy Instamart,UPI,UPI600237570,810.72,,258105.95
16/04/2026,Zepto,UPI,UPI600245489,531.54,,257574.41
17/04/2026,Rameshwaram Cafe,UPI,UPI600253408,185.00,,257389.41
19/04/2026,BigBasket,UPI,UPI600261327,3099.00,,254290.41
20/04/2026,Rapido,UPI,UPI600269246,173.00,,254117.41
20/04/2026,Rapido,UPI,UPI600277165,84.57,,254032.84
22/04/2026,Zepto,UPI,UPI600285084,254.99,,253777.85
22/04/2026,Ola Cabs,UPI,UPI600293003,168.47,,253609.38
23/04/2026,Uber India,UPI,UPI600300922,432.36,,253177.02
23/04/2026,Zomato,UPI,UPI600308841,756.18,,252420.84
23/04/2026,Zomato,UPI,UPI600316760,403.41,,252017.43
23/04/2026,Zepto,UPI,UPI600324679,415.00,,251602.43
23/04/2026,BigBasket,UPI,UPI600332598,1999.00,,249603.43
24/04/2026,Rapido,UPI,UPI600340517,123.76,,249479.67
25/04/2026,Swiggy Instamart,UPI,UPI600348436,1099.00,,248380.67
26/04/2026,Ola Cabs,UPI,UPI600356355,365.00,,248015.67
26/04/2026,Blinkit,UPI,UPI600364274,1008.00,,247007.67
27/04/2026,Flipkart,UPI,UPI600372193,6862.85,,240144.82
27/04/2026,Blue Tokai Coffee,UPI,UPI600380112,377.25,,239767.57
28/04/2026,Flipkart,UPI,UPI600388031,4405.00,,235362.57
28/04/2026,Chai Point,UPI,UPI600395950,150.38,,235212.19
28/04/2026,Third Wave Coffee,UPI,UPI600403869,220.31,,234991.88
28/04/2026,Third Wave Coffee,UPI,UPI600411788,319.69,,234672.19
29/04/2026,Zepto,UPI,UPI600419707,916.52,,233755.67
29/04/2026,Swiggy Instamart,UPI,UPI600427626,1099.00,,232656.67
29/04/2026,Swiggy Instamart,UPI,UPI600435545,271.36,,232385.31
30/04/2026,Flipkart,UPI,UPI600443464,4290.00,,228095.31
01/05/2026,Salary · Acme Technologies Pvt Ltd,NEFT,NEFT600451383,,142500.00,370595.31
02/05/2026,Namma Metro Recharge,UPI,UPI600459302,230.00,,370365.31
02/05/2026,House Rent · UPI to landlord,UPI,UPI600467221,28000.00,,342365.31
03/05/2026,Third Wave Coffee,UPI,UPI600475140,381.00,,341984.31
03/05/2026,Zomato,UPI,UPI600483059,461.00,,341523.31
03/05/2026,UPI to Lakshmi (house help),UPI,UPI600490978,4000.00,,337523.31
03/05/2026,Swiggy,UPI,UPI600498897,546.23,,336977.08
04/05/2026,Rapido,UPI,UPI600506816,178.00,,336799.08
04/05/2026,Rapido,UPI,UPI600514735,124.10,,336674.98
05/05/2026,Rameshwaram Cafe,UPI,UPI600522654,167.88,,336507.10
05/05/2026,Zerodha SIP,ACH,ACH600530573,10000.00,,326507.10
05/05/2026,Blinkit,UPI,UPI600538492,870.00,,325637.10
05/05/2026,Swiggy Instamart,UPI,UPI600546411,934.46,,324702.64
06/05/2026,Croma,UPI,UPI600554330,12899.00,,311803.64
06/05/2026,Ola Cabs,UPI,UPI600562249,473.99,,311329.65
07/05/2026,Netflix,UPI,UPI600570168,649.00,,310680.65
08/05/2026,Rapido,UPI,UPI600578087,142.00,,310538.65
08/05/2026,Zomato,UPI,UPI600586006,626.01,,309912.64
08/05/2026,Blue Tokai Coffee,UPI,UPI600593925,454.00,,309458.64
08/05/2026,BESCOM Electricity,UPI,UPI600601844,968.56,,308490.08
08/05/2026,Uber India,UPI,UPI600609763,371.00,,308119.08
09/05/2026,Spotify,UPI,UPI600617682,119.00,,308000.08
09/05/2026,Zepto,UPI,UPI600625601,606.00,,307394.08
10/05/2026,Zepto,UPI,UPI600633520,328.00,,307066.08
10/05/2026,Swiggy Instamart,UPI,UPI600641439,528.67,,306537.41
10/05/2026,Uber India,UPI,UPI600649358,403.33,,306134.08
10/05/2026,Airtel Xstream Fiber,UPI,UPI600657277,1178.00,,304956.08
10/05/2026,Zomato,UPI,UPI600665196,899.00,,304057.08
12/05/2026,DMart,UPI,UPI600673115,2083.00,,301974.08
12/05/2026,Jio Postpaid,UPI,UPI600681034,449.00,,301525.08
13/05/2026,Amazon.in,UPI,UPI600688953,1299.00,,300226.08
14/05/2026,Decathlon,UPI,UPI600696872,3755.80,,296470.28
14/05/2026,Zomato,UPI,UPI600704791,296.93,,296173.35
14/05/2026,BigBasket,UPI,UPI600712710,2645.64,,293527.71
15/05/2026,JioHotstar,UPI,UPI600720629,299.00,,293228.71
15/05/2026,BigBasket,UPI,UPI600728548,2999.00,,290229.71
16/05/2026,BWSSB Water,UPI,UPI600736467,599.29,,289630.42
17/05/2026,BigBasket,UPI,UPI600744386,2099.00,,287531.42
17/05/2026,Third Wave Coffee,UPI,UPI600752305,257.14,,287274.28
18/05/2026,Blinkit,UPI,UPI600760224,1199.00,,286075.28
18/05/2026,Freelance · Upwork payout,NEFT,NEFT600768143,,38500.00,324575.28
18/05/2026,Chai Point,UPI,UPI600776062,116.00,,324459.28
19/05/2026,Rapido,UPI,UPI600783981,81.04,,324378.24
19/05/2026,Rapido,UPI,UPI600791900,150.99,,324227.25
20/05/2026,Rameshwaram Cafe,UPI,UPI600799819,136.22,,324091.03
21/05/2026,Indian Oil Petrol,UPI,UPI600807738,2399.00,,321692.03
22/05/2026,BigBasket,UPI,UPI600815657,1390.00,,320302.03
22/05/2026,Blinkit,UPI,UPI600823576,385.00,,319917.03
25/05/2026,Decathlon,UPI,UPI600831495,1700.00,,318217.03
27/05/2026,BigBasket,UPI,UPI600839414,1399.51,,316817.52
27/05/2026,Swiggy,UPI,UPI600847333,820.85,,315996.67
28/05/2026,Uber India,UPI,UPI600855252,593.98,,315402.69
28/05/2026,BigBasket,UPI,UPI600863171,1241.19,,314161.50
31/05/2026,ATM Cash Withdrawal,ATM,ATM600871090,2899.00,,311262.50
31/05/2026,Swiggy Instamart,UPI,UPI600879009,1099.00,,310163.50
31/05/2026,Namma Metro Recharge,UPI,UPI600886928,286.00,,309877.50
31/05/2026,Meghana Foods,UPI,UPI600894847,943.64,,308933.86
31/05/2026,Zomato,UPI,UPI600902766,340.83,,308593.03
01/06/2026,Salary · Acme Technologies Pvt Ltd,NEFT,NEFT600910685,,142500.00,451093.03
02/06/2026,Indian Oil Petrol,UPI,UPI600918604,2399.00,,448694.03
02/06/2026,Rameshwaram Cafe,UPI,UPI600926523,243.91,,448450.12
02/06/2026,House Rent · UPI to landlord,UPI,UPI600934442,28000.00,,420450.12
02/06/2026,Swiggy Instamart,UPI,UPI600942361,642.87,,419807.25
03/06/2026,UPI to Lakshmi (house help),UPI,UPI600950280,4000.00,,415807.25
03/06/2026,Swiggy Instamart,UPI,UPI600958199,927.12,,414880.13
04/06/2026,Blinkit,UPI,UPI600966118,1199.00,,413681.13
04/06/2026,Zomato,UPI,UPI600974037,802.17,,412878.96
04/06/2026,Rapido,UPI,UPI600981956,55.00,,412823.96
04/06/2026,Namma Metro Recharge,UPI,UPI600989875,334.91,,412489.05
05/06/2026,Zerodha SIP,ACH,ACH600997794,10000.00,,402489.05
06/06/2026,Rapido,UPI,UPI601005713,77.41,,402411.64
06/06/2026,Swiggy Instamart,UPI,UPI601013632,462.00,,401949.64
07/06/2026,Netflix,UPI,UPI601021551,649.00,,401300.64
08/06/2026,Nykaa,UPI,UPI601029470,1899.00,,399401.64
09/06/2026,Spotify,UPI,UPI601037389,119.00,,399282.64
10/06/2026,Airtel Xstream Fiber,UPI,UPI601045308,1178.00,,398104.64
10/06/2026,BESCOM Electricity,UPI,UPI601053227,996.66,,397107.98
10/06/2026,BigBasket,UPI,UPI601061146,1899.00,,395208.98
11/06/2026,BigBasket,UPI,UPI601069065,3411.51,,391797.47
12/06/2026,Rapido,UPI,UPI601076984,92.39,,391705.08
12/06/2026,Jio Postpaid,UPI,UPI601084903,449.00,,391256.08
14/06/2026,Indian Oil Petrol,UPI,UPI601092822,1399.00,,389857.08
15/06/2026,Blinkit,UPI,UPI601100741,214.17,,389642.91
15/06/2026,Zomato,UPI,UPI601108660,300.00,,389342.91
15/06/2026,JioHotstar,UPI,UPI601116579,299.00,,389043.91
15/06/2026,Truffles,UPI,UPI601124498,901.98,,388141.93
16/06/2026,BigBasket,UPI,UPI601132417,2199.00,,385942.93
16/06/2026,Flipkart,UPI,UPI601140336,999.00,,384943.93
17/06/2026,BWSSB Water,UPI,UPI601148255,427.04,,384516.89
18/06/2026,Blinkit,UPI,UPI601156174,1099.00,,383417.89
18/06/2026,Chai Point,UPI,UPI601164093,140.00,,383277.89
18/06/2026,Chai Point,UPI,UPI601172012,149.30,,383128.59
20/06/2026,Rameshwaram Cafe,UPI,UPI601179931,235.37,,382893.22
21/06/2026,Ola Cabs,UPI,UPI601187850,192.25,,382700.97
22/06/2026,Rapido,UPI,UPI601195769,98.54,,382602.43
23/06/2026,Zomato,UPI,UPI601203688,401.00,,382201.43
23/06/2026,Amazon.in,UPI,UPI601211607,848.00,,381353.43
23/06/2026,Zepto,UPI,UPI601219526,1099.00,,380254.43
24/06/2026,Uber India,UPI,UPI601227445,608.41,,379646.02
25/06/2026,Swiggy Instamart,UPI,UPI601235364,213.00,,379433.02
25/06/2026,DMart,UPI,UPI601243283,2899.00,,376534.02
25/06/2026,Flipkart,UPI,UPI601251202,5132.71,,371401.31
26/06/2026,Namma Metro Recharge,UPI,UPI601259121,266.04,,371135.27
26/06/2026,Third Wave Coffee,UPI,UPI601267040,384.00,,370751.27
26/06/2026,Swiggy,UPI,UPI601274959,742.82,,370008.45
26/06/2026,Swiggy,UPI,UPI601282878,420.00,,369588.45
27/06/2026,Swiggy,UPI,UPI601290797,383.61,,369204.84
27/06/2026,Rapido,UPI,UPI601298716,101.71,,369103.13
28/06/2026,Chai Point,UPI,UPI601306635,169.00,,368934.13
28/06/2026,Blinkit,UPI,UPI601314554,316.06,,368618.07
30/06/2026,Rameshwaram Cafe,UPI,UPI601322473,195.12,,368422.95
30/06/2026,SB Interest Credit,INT,INT601330392,,2140.00,370562.95
01/07/2026,Salary · Acme Technologies Pvt Ltd,NEFT,NEFT601338311,,142500.00,513062.95
02/07/2026,House Rent · UPI to landlord,UPI,UPI601346230,28000.00,,485062.95
02/07/2026,Namma Metro Recharge,UPI,UPI601354149,310.04,,484752.91
02/07/2026,Uber India,UPI,UPI601362068,158.00,,484594.91
02/07/2026,Blinkit,UPI,UPI601369987,1199.00,,483395.91
03/07/2026,UPI to Lakshmi (house help),UPI,UPI601377906,4000.00,,479395.91
03/07/2026,Rapido,UPI,UPI601385825,104.00,,479291.91
04/07/2026,Chai Point,UPI,UPI601393744,102.00,,479189.91
05/07/2026,Zerodha SIP,ACH,ACH601401663,10000.00,,469189.91
05/07/2026,Zepto,UPI,UPI601409582,676.00,,468513.91
06/07/2026,Swiggy Instamart,UPI,UPI601417501,276.86,,468237.05
06/07/2026,Rameshwaram Cafe,UPI,UPI601425420,126.00,,468111.05
06/07/2026,Zomato,UPI,UPI601433339,899.00,,467212.05
07/07/2026,Chai Point,UPI,UPI601441258,133.00,,467079.05
07/07/2026,Netflix,UPI,UPI601449177,649.00,,466430.05
07/07/2026,Ola Cabs,UPI,UPI601457096,448.93,,465981.12
08/07/2026,PVR INOX,UPI,UPI601465015,866.26,,465114.86
08/07/2026,Meghana Foods,UPI,UPI601472934,593.00,,464521.86
09/07/2026,Spotify,UPI,UPI601480853,119.00,,464402.86
09/07/2026,BESCOM Electricity,UPI,UPI601488772,964.34,,463438.52
09/07/2026,Zepto,UPI,UPI601496691,577.00,,462861.52
09/07/2026,Indian Oil Petrol,UPI,UPI601504610,1893.55,,460967.97
10/07/2026,Airtel Xstream Fiber,UPI,UPI601512529,1178.00,,459789.97
11/07/2026,UPI from Rahul (trip split),UPI,UPI601520448,,3850.00,463639.97
11/07/2026,Third Wave Coffee,UPI,UPI601528367,451.23,,463188.74
11/07/2026,Rapido,UPI,UPI601536286,142.20,,463046.54
12/07/2026,Jio Postpaid,UPI,UPI601544205,449.00,,462597.54
13/07/2026,Ola Cabs,UPI,UPI601552124,423.17,,462174.37
13/07/2026,Zomato,UPI,UPI601560043,825.09,,461349.28
14/07/2026,BWSSB Water,UPI,UPI601567962,466.45,,460882.83
14/07/2026,Swiggy Instamart,UPI,UPI601575881,973.44,,459909.39
15/07/2026,BigBasket,UPI,UPI601583800,3407.97,,456501.42
15/07/2026,BigBasket,UPI,UPI601591719,1070.45,,455430.97
15/07/2026,DMart,UPI,UPI601599638,1499.00,,453931.97
15/07/2026,Namma Metro Recharge,UPI,UPI601607557,377.00,,453554.97
15/07/2026,Flipkart,UPI,UPI601615476,4099.00,,449455.97
15/07/2026,JioHotstar,UPI,UPI601623395,299.00,,449156.97
15/07/2026,Blue Tokai Coffee,UPI,UPI601631314,330.60,,448826.37
16/07/2026,Swiggy,UPI,UPI601639233,875.50,,447950.87
16/07/2026,Swiggy,UPI,UPI601647152,251.00,,447699.87
16/07/2026,Rameshwaram Cafe,UPI,UPI601655071,271.00,,447428.87
17/07/2026,Rapido,UPI,UPI601662990,146.12,,447282.75
18/07/2026,Uber India,UPI,UPI601670909,495.00,,446787.75
19/07/2026,Swiggy,UPI,UPI601678828,302.00,,446485.75
19/07/2026,Zepto,UPI,UPI601686747,524.00,,445961.75
20/07/2026,Zepto,UPI,UPI601694666,304.00,,445657.75
21/07/2026,Uber India,UPI,UPI601702585,454.00,,445203.75
22/07/2026,Blinkit,UPI,UPI601710504,818.26,,444385.49
23/07/2026,ATM Cash Withdrawal,ATM,ATM601718423,2289.00,,442096.49
24/07/2026,ATM Cash Withdrawal,ATM,ATM601726342,2394.00,,439702.49
24/07/2026,BigBasket,UPI,UPI601734261,1077.63,,438624.86
25/07/2026,Myntra,UPI,UPI601742180,2899.00,,435725.86
26/07/2026,Truffles,UPI,UPI601750099,669.00,,435056.86
26/07/2026,Zomato,UPI,UPI601758018,827.81,,434229.05
28/07/2026,BigBasket,UPI,UPI601765937,1782.00,,432447.05
29/07/2026,Flipkart,UPI,UPI601773856,5171.17,,427275.88
29/07/2026,Uber India,UPI,UPI601781775,348.00,,426927.88
31/07/2026,Flipkart,UPI,UPI601789694,4525.62,,422402.26
01/08/2026,Salary · Acme Technologies Pvt Ltd,NEFT,NEFT601797613,,142500.00,564902.26
02/08/2026,House Rent · UPI to landlord,UPI,UPI601805532,28000.00,,536902.26
02/08/2026,Uber India,UPI,UPI601813451,592.00,,536310.26
02/08/2026,ATM Cash Withdrawal,ATM,ATM601821370,4713.23,,531597.03
02/08/2026,Zepto,UPI,UPI601829289,999.00,,530598.03
03/08/2026,Indian Oil Petrol,UPI,UPI601837208,1610.00,,528988.03
03/08/2026,Swiggy,UPI,UPI601845127,403.84,,528584.19
03/08/2026,Truffles,UPI,UPI601853046,435.00,,528149.19
03/08/2026,UPI to Lakshmi (house help),UPI,UPI601860965,4000.00,,524149.19
05/08/2026,Swiggy,UPI,UPI601868884,377.00,,523772.19
05/08/2026,Zerodha SIP,ACH,ACH601876803,10000.00,,513772.19
07/08/2026,Rapido,UPI,UPI601884722,172.99,,513599.20
07/08/2026,Rapido,UPI,UPI601892641,55.00,,513544.20
07/08/2026,FASTag Recharge,UPI,UPI601900560,629.00,,512915.20
07/08/2026,Netflix,UPI,UPI601908479,649.00,,512266.20
08/08/2026,Uber India,UPI,UPI601916398,405.96,,511860.24
08/08/2026,Meghana Foods,UPI,UPI601924317,1299.00,,510561.24
08/08/2026,Flipkart,UPI,UPI601932236,5634.04,,504927.20
08/08/2026,Zomato,UPI,UPI601940155,460.00,,504467.20
09/08/2026,Blinkit,UPI,UPI601948074,1029.58,,503437.62
09/08/2026,Spotify,UPI,UPI601955993,119.00,,503318.62
09/08/2026,Zomato,UPI,UPI601963912,865.00,,502453.62
09/08/2026,BESCOM Electricity,UPI,UPI601971831,1238.30,,501215.32
10/08/2026,Airtel Xstream Fiber,UPI,UPI601979750,1178.00,,500037.32
12/08/2026,Rameshwaram Cafe,UPI,UPI601987669,276.00,,499761.32
12/08/2026,Zepto,UPI,UPI601995588,218.05,,499543.27
12/08/2026,Jio Postpaid,UPI,UPI602003507,449.00,,499094.27
13/08/2026,Nilgiris Supermarket,UPI,UPI602011426,711.54,,498382.73
13/08/2026,Ola Cabs,UPI,UPI602019345,372.55,,498010.18
14/08/2026,BWSSB Water,UPI,UPI602027264,407.43,,497602.75
15/08/2026,JioHotstar,UPI,UPI602035183,299.00,,497303.75
16/08/2026,Ola Cabs,UPI,UPI602043102,465.15,,496838.60
16/08/2026,Myntra,UPI,UPI602051021,909.70,,495928.90
17/08/2026,Uber India,UPI,UPI602058940,255.00,,495673.90
17/08/2026,Swiggy,UPI,UPI602066859,322.19,,495351.71
17/08/2026,Amazon.in,UPI,UPI602074778,3199.00,,492152.71
18/08/2026,Swiggy,UPI,UPI602082697,802.78,,491349.93
18/08/2026,Blinkit,UPI,UPI602090616,261.85,,491088.08
21/08/2026,Blinkit,UPI,UPI602098535,293.07,,490795.01
21/08/2026,Swiggy Instamart,UPI,UPI602106454,834.01,,489961.00
22/08/2026,Flipkart,UPI,UPI602114373,2199.00,,487762.00
22/08/2026,Zepto,UPI,UPI602122292,364.36,,487397.64
22/08/2026,Swiggy,UPI,UPI602130211,820.06,,486577.58
22/08/2026,Freelance · Upwork payout,NEFT,NEFT602138130,,42000.00,528577.58
23/08/2026,Swiggy,UPI,UPI602146049,504.10,,528073.48
23/08/2026,Blue Tokai Coffee,UPI,UPI602153968,371.95,,527701.53
23/08/2026,Amazon.in,UPI,UPI602161887,2599.00,,525102.53
25/08/2026,ATM Cash Withdrawal,ATM,ATM602169806,4985.00,,520117.53
25/08/2026,Zepto,UPI,UPI602177725,549.22,,519568.31
26/08/2026,Zepto,UPI,UPI602185644,216.80,,519351.51
26/08/2026,Flipkart Refund,UPI,UPI602193563,,2499.00,521850.51
26/08/2026,Zomato,UPI,UPI602201482,358.00,,521492.51
26/08/2026,Third Wave Coffee,UPI,UPI602209401,416.00,,521076.51
26/08/2026,Swiggy,UPI,UPI602217320,475.00,,520601.51
27/08/2026,Blinkit,UPI,UPI602225239,418.00,,520183.51
28/08/2026,Swiggy Instamart,UPI,UPI602233158,1057.00,,519126.51
28/08/2026,Rapido,UPI,UPI602241077,148.00,,518978.51
28/08/2026,Ola Cabs,UPI,UPI602248996,380.00,,518598.51
29/08/2026,BigBasket,UPI,UPI602256915,2840.00,,515758.51
29/08/2026,Meghana Foods,UPI,UPI602264834,587.00,,515171.51
01/09/2026,Decathlon,UPI,UPI602272753,4699.00,,510472.51
01/09/2026,Salary · Acme Technologies Pvt Ltd,NEFT,NEFT602280672,,142500.00,652972.51
01/09/2026,Uber India,UPI,UPI602288591,175.59,,652796.92
01/09/2026,Myntra,UPI,UPI602296510,2134.92,,650662.00
01/09/2026,ATM Cash Withdrawal,ATM,ATM602304429,4399.00,,646263.00
02/09/2026,BigBasket,UPI,UPI602312348,999.00,,645264.00
02/09/2026,Zepto,UPI,UPI602320267,391.62,,644872.38
02/09/2026,Amazon.in,UPI,UPI602328186,655.93,,644216.45
02/09/2026,House Rent · UPI to landlord,UPI,UPI602336105,28000.00,,616216.45
03/09/2026,Rameshwaram Cafe,UPI,UPI602344024,165.07,,616051.38
03/09/2026,Myntra,UPI,UPI602351943,1987.00,,614064.38
03/09/2026,UPI to Lakshmi (house help),UPI,UPI602359862,4000.00,,610064.38
04/09/2026,Swiggy,UPI,UPI602367781,848.34,,609216.04
04/09/2026,BigBasket,UPI,UPI602375700,3099.00,,606117.04
05/09/2026,Zerodha SIP,ACH,ACH602383619,10000.00,,596117.04
06/09/2026,Myntra,UPI,UPI602391538,2899.00,,593218.04
06/09/2026,Uber India,UPI,UPI602399457,563.67,,592654.37
06/09/2026,Chai Point,UPI,UPI602407376,73.36,,592581.01
06/09/2026,Namma Metro Recharge,UPI,UPI602415295,469.14,,592111.87
07/09/2026,Netflix,UPI,UPI602423214,649.00,,591462.87
08/09/2026,Truffles,UPI,UPI602431133,899.00,,590563.87
08/09/2026,BESCOM Electricity,UPI,UPI602439052,2152.21,,588411.66
08/09/2026,Blue Tokai Coffee,UPI,UPI602446971,416.65,,587995.01
08/09/2026,Croma,UPI,UPI602454890,12999.00,,574996.01
08/09/2026,Chai Point,UPI,UPI602462809,95.53,,574900.48
08/09/2026,Nilgiris Supermarket,UPI,UPI602470728,565.00,,574335.48
08/09/2026,Zepto,UPI,UPI602478647,635.00,,573700.48
09/09/2026,Spotify,UPI,UPI602486566,119.00,,573581.48
09/09/2026,Ola Cabs,UPI,UPI602494485,227.00,,573354.48
10/09/2026,BigBasket,UPI,UPI602502404,999.00,,572355.48
10/09/2026,Airtel Xstream Fiber,UPI,UPI602510323,1178.00,,571177.48
10/09/2026,Indian Oil Petrol,UPI,UPI602518242,1934.85,,569242.63
12/09/2026,Namma Metro Recharge,UPI,UPI602526161,202.00,,569040.63
12/09/2026,Jio Postpaid,UPI,UPI602534080,449.00,,568591.63
13/09/2026,Blinkit,UPI,UPI602541999,908.00,,567683.63
13/09/2026,Zomato,UPI,UPI602549918,803.00,,566880.63
15/09/2026,JioHotstar,UPI,UPI602557837,299.00,,566581.63
15/09/2026,BWSSB Water,UPI,UPI602565756,348.72,,566232.91
15/09/2026,Zomato,UPI,UPI602573675,641.65,,565591.26
15/09/2026,Meghana Foods,UPI,UPI602581594,861.02,,564730.24
16/09/2026,Third Wave Coffee,UPI,UPI602589513,469.30,,564260.94
16/09/2026,BookMyShow,UPI,UPI602597432,494.00,,563766.94
16/09/2026,Indian Oil Petrol,UPI,UPI602605351,1441.97,,562324.97
16/09/2026,Zepto,UPI,UPI602613270,303.04,,562021.93
17/09/2026,Zepto,UPI,UPI602621189,1086.00,,560935.93
17/09/2026,Zepto,UPI,UPI602629108,999.00,,559936.93
17/09/2026,Ola Cabs,UPI,UPI602637027,154.00,,559782.93
18/09/2026,Swiggy,UPI,UPI602644946,400.00,,559382.93
19/09/2026,Amazon.in Refund,UPI,UPI602652865,,1299.00,560681.93
19/09/2026,Zepto,UPI,UPI602660784,624.59,,560057.34
21/09/2026,Nilgiris Supermarket,UPI,UPI602668703,567.34,,559490.00
22/09/2026,Swiggy Instamart,UPI,UPI602676622,860.71,,558629.29
24/09/2026,Zomato,UPI,UPI602684541,704.84,,557924.45
24/09/2026,Zepto,UPI,UPI602692460,546.63,,557377.82
25/09/2026,Swiggy,UPI,UPI602700379,268.00,,557109.82
25/09/2026,Indian Oil Petrol,UPI,UPI602708298,1667.00,,555442.82
26/09/2026,Rapido,UPI,UPI602716217,54.00,,555388.82
27/09/2026,Blue Tokai Coffee,UPI,UPI602724136,296.04,,555092.78
27/09/2026,FASTag Recharge,UPI,UPI602732055,627.19,,554465.59
27/09/2026,Blinkit,UPI,UPI602739974,969.35,,553496.24
28/09/2026,Zomato,UPI,UPI602747893,448.00,,553048.24
28/09/2026,Swiggy,UPI,UPI602755812,326.63,,552721.61
